<?xml version="1.0" encoding="UTF-8"?>
<addon id="plugin.kanxi.com" version="1.0.0" name="Kanxi Kodi Plugin" provider-name="your name">
  <requires>
    <import addon="xbmc.python" version="3.0.0" />
    <import addon="script.module.requests" version="2.22.0+matrix.1" />
    <import addon="script.module.beautifulsoup4" version="4.9.3+matrix.1" />
  </requires>

  <extension point="xbmc.python.pluginsource" library="main.py">
    <provides>video</provides>
  </extension>

  <extension point="xbmc.addon.metadata">
    <summary lang="en">Kanxi Kodi Plugin</summary>
    <description lang="en_GB">Kanxi Kodi Plugin</description>

    <assets>
      <icon>resources/icon.png</icon>
    </assets>
  </extension>
</addon>