<?xml version="1.0" encoding="UTF-8"?>
<addon id="plugin.tvb.lwx" version="1.0.2" name="TVB Live" provider-name="lwx">
  <requires>
    <import addon="xbmc.python" version="3.0.0"/>
  </requires>

  <requires>
    <import addon="script.module.requests" version="2.22.0"/>
  </requires>

  <extension point="xbmc.python.pluginsource" library="main.py">
    <provides>video</provides>
  </extension>
  <extension point="xbmc.addon.metadata">
    <summary lang="en">Tvb Plugin</summary>
    <description lang="en_GB">Plugin for playing Tvb Live</description>
  </extension>
</addon>