<?xml version="1.0" encoding="UTF-8"?>
<addon id="plugin.tvb.lwx" version="1.0.0" name="TVB" provider-name="lwx">
  <requires>
    <import addon="xbmc.python" version="3.0.0" />
    <import addon="script.module.requests" version="2.22.0+matrix.1" />
  </requires>

  <extension point="xbmc.python.pluginsource" library="main.py">
    <provides>video</provides>
  </extension>

  <extension point="xbmc.addon.metadata">
    <summary lang="en">TVB Kodi Plugin</summary>
    <description lang="en_GB">Plugin for playing live TVB Channels (News, Finance)</description>

    <assets>
      <icon>resources/icon.png</icon>
    </assets>
  </extension>
</addon>
